Insert into PlaceTypeB values(‘01’, ‘pais’);
Insert into PlaceTypeB values(‘02’, ‘ciudad’);
Insert into PlaceTypeB values(‘03’, ‘provincia’);
Insert into PlaceTypeB values(‘04’, ‘estado’);
Insert into PlaceTypeB values(‘05’, ‘comunidad’);
Insert into PlaceTypeB values(‘06’, ‘islas’);
Insert into PlaceTypeB values(‘07’, ‘departamento’);


Insert into PlaceB values(‘001’,’01’,  ‘001’,  ‘Canada’, ‘’);
Insert into PlaceB values(‘002’, ‘01’, ‘002’,  ‘Estados unidos’, ‘’);
Insert into PlaceB values(‘003’, ‘01’, ‘003’,  ‘Mexico’, ‘’);
Insert into PlaceB values(‘004’, ‘01’, ‘004’,  ‘Argentina’, ‘’);
Insert into PlaceB values(‘005’,’01’, ‘005’,  ‘España’,‘’);
Insert into PlaceB values(‘006’,’01’, ‘006’,  ‘Colombia’, ‘’);
Insert into PlaceB values(‘007’,’03’,’001’,’Ontario’, ’ON’);
Insert into PlaceB values(‘008’,’03’,’001’,’Quebec’,’QC’);		
Insert into PlaceB values(‘009’,’03’,’001’,’Columbia Británica’, ’CO’);
Insert into PlaceB values(‘010’,’03’,’001’,’Alberta’, ’AB’);
Insert into PlaceB values(‘011’,’04’, ‘002’, ‘Georgia’, ’GA’);
Insert into PlaceB values(‘012’,’04’, ‘002’, ‘California’, ’CA’);
Insert into PlaceB values(‘013’,’04’,’002’, ‘Illinois’, ’IL’);
Insert into PlaceB values(‘014’,’04’,’002’, ‘Texas’, ’TX’);
Insert into PlaceB values(‘015’,’04’, ‘002’, ‘Columbis’, ’CO’);
Insert into PlaceB values(‘016’,’04’, ‘002’, ‘Nueva York’, ’NY’);
Insert into PlaceB values(‘017’,’04’, ‘002’, ‘Washington’, ’WA’);
Insert into PlaceB values(‘018’,’04’, ‘002’, ‘Denver’, ’NV’);
Insert into PlaceB values(‘019’,’04’, ‘002’, ‘Florida’, ’FL’);
Insert into PlaceB values(‘020’,’04’, ‘003’, ‘Guerrero’, ’GR’);
Insert into PlaceB values(‘021’,’04’, ‘003’, ‘Aguascalientes’, ’AG’);
Insert into PlaceB values(‘022’,’04’, ‘003’, ‘Sonora’, ’SO’);
Insert into PlaceB values(‘023’,’04’, ‘003’, ‘Michoacán’, ’MI’);
Insert into PlaceB values(‘024’,’04’, ‘003’, ‘Mexico’, ’EM’);
Insert into PlaceB values(‘025’,’04’, ‘003’, ‘Baja California Sur’, ’BC’);
Insert into PlaceB values(‘026’,’04’, ‘003’, ‘Campeche’, ’CM’);
Insert into PlaceB values(‘027’,’04’, ‘003’, ‘Quintana Roo’, ’QR’);
Insert into PlaceB values(‘028’,’04’, ‘003’, ‘Guanajuato’, ’GT’);
Insert into PlaceB values(‘029’,’04’, ‘004’, ‘Buenos Aires’, ’BA’);
Insert into PlaceB values(‘030’,’04’, ‘004’, ‘Cordoba’, ’CB’);
Insert into PlaceB values(‘031’,’04’, ‘004’, ‘Santa Fé’, ‘‘);		
Insert into PlaceB values(‘032’,’04’, ‘004’, ‘Mendoza’, ’MZ’);
Insert into PlaceB values(‘033’,’04’, ‘004’, ‘Salta’, ’SA’);
Insert into PlaceB values(‘034’,’05’, ‘005’, ‘Cataluña’, ’BC’);
Insert into PlaceB values(‘035’,’05’, ‘005’, ‘Madrid’, ’MA’);
Insert into PlaceB values(‘036’,’05’, ‘005’, ‘Malaga’, ’AG’);
Insert into PlaceB values(‘037’,’06’, ‘005’, ‘Islas Baleare’, ’PM’);
Insert into PlaceB values(‘038’,’05’, ‘005’, ‘Valencia’, ’VL’);
Insert into PlaceB values(‘039’,’05’, ‘005’, ‘Andalucia’, ’SV’);
Insert into PlaceB values('040','07','006',  ‘Quindio’, ’AX’);
Insert into PlaceB values('041','07','006',  ‘Atlantico’, ’BQ’);
Insert into PlaceB values('042','07','006',  ‘Distrito capital’, ’BO’);
Insert into PlaceB values('043','07','006',  ‘Santander’, ’BG’);
Insert into PlaceB values('044','07','006',  ‘Valle del Cauca’, ’CL’);
Insert into PlaceB values('045','07','006',  ‘Bolivar’, ’CT’);
Insert into PlaceB values('046','07','006',  ‘Norte de santander’, ’CU’);
Insert into PlaceB values('047','07','006',  ‘Amazonas’, ’LE’);
Insert into PlaceB values('048','07','006',  ‘Antioquia’, ’MD’);
Insert into PlaceB values('049','07','006',  ‘Risaralda’, ’PE’);
Insert into PlaceB values('050','07','006',  ‘La Guajira’, ’RH’);
Insert into PlaceB values('051','07','006',  ‘San Andres y providencia’, ’AD’);
Insert into PlaceB values('052','07','006',  ‘Magdalena’, ’SM’);
Insert into PlaceB values('053','02','007', ‘Toronto’, ‘’);    
Insert into PlaceB values('054','02','008', ‘Montreal’, ‘’);
Insert into PlaceB values('055','02','009', ‘Vancouver’, ‘’);    
Insert into PlaceB values('056','02','010', ‘Calgary’, ‘’);
Insert into PlaceB values('057','02','010', ‘Edmonton’, ‘’);
Insert into PlaceB values('058','02','008', ‘Quebec’, ‘’);
Insert into PlaceB values('059','02','011', ‘Atlanta’, ‘’);
Insert into PlaceB values('060','02','012', ‘Los Ángeles’, ‘’);
Insert into PlaceB values('061','02','013', ‘Chicago’, ‘’);
Insert into PlaceB values('062','02','014', ‘Dallas/Fort Worth’, ‘’);
Insert into PlaceB values('063','02','015', ‘Denver’, ‘’);
Insert into PlaceB values('064','02','016', ‘Nueva York’, ‘’);
Insert into PlaceB values('065','02','012', ‘San Francisco’, ‘’);
Insert into PlaceB values('066','02','017', ‘Seattle’, ‘’);
Insert into PlaceB values('067','02','018', ‘Las Vegas’, ‘’);
Insert into PlaceB values('068','02','019', ‘Orlando’, ‘’);
Insert into PlaceB values('069','02','016', ‘Newark’, ‘’);
Insert into PlaceB values('070','02','020', ‘Acapulco’, ‘’);
Insert into PlaceB values('071','02','021', ‘Aguascalientes’, ‘’);
Insert into PlaceB values('072','02','022', ‘Álamos’, ‘’);
Insert into PlaceB values('073','02','023', ‘Apatzingán’, ‘’);
Insert into PlaceB values('074','02','024', ‘Atizapán’, ‘’);
Insert into PlaceB values('075','02','025', ‘Cabo San Lucas’, ‘’);
Insert into PlaceB values('076','02','026', ‘Campeche’, ‘’);
Insert into PlaceB values('077','02','022', ‘Cananea’, ‘’);
Insert into PlaceB values('078','02','027', ‘Cancun’, ‘’);
Insert into PlaceB values('079','02','028', ‘Celaya’, ‘’);
Insert into PlaceB values('080','02','027', ‘Chetumal’, ‘’);
Insert into PlaceB values('081','02','029', ‘Buenos Aires’, ‘’);
Insert into PlaceB values('082','02','030', ‘Córdoba’, ‘’);
Insert into PlaceB values('083','02','031', ‘Rosario’, ‘’);
Insert into PlaceB values('084','02','032', ‘Mendoza’, ‘’);
Insert into PlaceB values('085','02','033', ‘Salta’, ‘’);
Insert into PlaceB values('086','02','034', ‘Barcelona’, ‘’);
Insert into PlaceB values('087','02','035', ‘Madrid’, ‘’);
Insert into PlaceB values('088','02','036', ‘Malaga’, ‘’);
Insert into PlaceB values('089','02','037', ‘Palma de mallorca’, ‘’);
Insert into PlaceB values('090','02','038', ‘Alicante’, ‘’);
Insert into PlaceB values('091','02','038', ‘Valencia’, ‘’);
Insert into PlaceB values('092','02','039', ‘Sevilla’, ‘’);
Insert into PlaceB values('093','02','040', ‘La Tebaida’, ‘’);
Insert into PlaceB values('094','02','041', ‘Soledad’, ‘’);
Insert into PlaceB values('095','02','042', ‘Bogota’, ‘’);
Insert into PlaceB values('096','02','043', ‘Lebrija’, ‘’);
Insert into PlaceB values('097','02','044', ‘ Palmira’, ‘’);
Insert into PlaceB values('098','02','045', ‘Cartagena’, ‘’);
Insert into PlaceB values('099','02','046', ‘Cúcuta’, ‘’);
Insert into PlaceB values('100','02','047', ‘Leticia’, ‘’);
Insert into PlaceB values('101','02','048', ‘Rionegro’, ‘’);
Insert into PlaceB values('102','02','049', ‘Pereira’, ‘’);
Insert into PlaceB values('103','02','050', ‘Riohacha’, ‘’);
Insert into PlaceB values('104','02','051', ‘San Andres’, ‘’);
Insert into PlaceB values('105','02','052', ‘Santa Marta’, ‘’);

Insert into PlaceTypeA values(‘01’, ‘pais’);
Insert into PlaceTypeA values(‘02’, ‘ciudad’);
Insert into PlaceTypeA values(‘03’, ‘provincia’);
Insert into PlaceTypeA values(‘04’, ‘estado’);
Insert into PlaceTypeA values(‘05’, ‘comunidad’);
Insert into PlaceTypeA values(‘06’, ‘islas’);
Insert into PlaceTypeA values(‘07’, ‘departamento’);


Insert into PlaceA values(‘001’,’01’,  ‘001’,  ‘Canadá’, ‘’);
Insert into PlaceA values(‘002’, ‘01’, ‘002’,  ‘Estados unidos’, ‘’);
Insert into PlaceA values(‘003’, ‘01’, ‘003’,  ‘Mexico’, ‘’);
Insert into PlaceA values(‘004’, ‘01’, ‘004’,  ‘Argentina’, ‘’);
Insert into PlaceA values(‘005’,’01’, ‘005’,  ‘España’,‘’);
Insert into PlaceA values(‘006’,’01’, ‘006’,  ‘Colombia’, ‘’);
Insert into PlaceA values(‘007’,’03’,’001’,’Ontario’, ’ON’);
Insert into PlaceA values(‘008’,’03’,’001’,’Quebec’,’QC’);		
Insert into PlaceA values(‘009’,’03’,’001’,’Columbia Británica’, ’CO’);
Insert into PlaceA values(‘010’,’03’,’001’,’Alberta’, ’AB’);
Insert into PlaceA values(‘011’,’04’, ‘002’, ‘Georgia’, ’GA’);
Insert into PlaceA values(‘012’,’04’, ‘002’, ‘California’, ’CA’);
Insert into PlaceA values(‘013’,’04’,’002’, ‘Illinois’, ’IL’);
Insert into PlaceA values(‘014’,’04’,’002’, ‘Texas’, ’TX’);
Insert into PlaceA values(‘015’,’04’, ‘002’, ‘Columbis’, ’CO’);
Insert into PlaceA values(‘016’,’04’, ‘002’, ‘Nueva York’, ’NY’);
Insert into PlaceA values(‘017’,’04’, ‘002’, ‘Washington’, ’WA’);
Insert into PlaceA values(‘018’,’04’, ‘002’, ‘Denver’, ’NV’);
Insert into PlaceA values(‘019’,’04’, ‘002’, ‘Florida’, ’FL’);
Insert into PlaceA values(‘020’,’04’, ‘003’, ‘Guerrero’, ’GR’);
Insert into PlaceA values(‘021’,’04’, ‘003’, ‘Aguascalientes’, ’AG’);
Insert into PlaceA values(‘022’,’04’, ‘003’, ‘Sonora’, ’SO’);
Insert into PlaceA values(‘023’,’04’, ‘003’, ‘Michoacán’, ’MI’);
Insert into PlaceA values(‘024’,’04’, ‘003’, ‘México’, ’EM’);
Insert into PlaceA values(‘025’,’04’, ‘003’, ‘Baja California Sur’, ’BC’);
Insert into PlaceA values(‘026’,’04’, ‘003’, ‘Campeche’, ’CM’);
Insert into PlaceA values(‘027’,’04’, ‘003’, ‘Quintana Roo’, ’QR’);
Insert into PlaceA values(‘028’,’04’, ‘003’, ‘Guanajuato’, ’GT’);
Insert into PlaceA values(‘029’,’04’, ‘004’, ‘Buenos Aires’, ’BA’);
Insert into PlaceA values(‘030’,’04’, ‘004’, ‘Córdoba’, ’CB’);
Insert into PlaceA values(‘031’,’04’, ‘004’, ‘Santa Fé’, ‘‘);		
Insert into PlaceA values(‘032’,’04’, ‘004’, ‘Mendoza’, ’MZ’);
Insert into PlaceA values(‘033’,’04’, ‘004’, ‘Salta’, ’SA’);
Insert into PlaceA values(‘034’,’05’, ‘005’, ‘Cataluña’, ’BC’);
Insert into PlaceA values(‘035’,’05’, ‘005’, ‘Madrid’, ’MA’);
Insert into PlaceA values(‘036’,’05’, ‘005’, ‘Málaga’, ’AG’);
Insert into PlaceA values(‘037’,’06’, ‘005’, ‘Islas Baleare’, ’PM’);
Insert into PlaceA values(‘038’,’05’, ‘005’, ‘Valencia’, ’VL’);
Insert into PlaceA values(‘039’,’05’, ‘005’, ‘Andalucía’, ’SV’);
Insert into PlaceA values('040','07','006',  ‘Quindio’, ’AX’);
Insert into PlaceA values('041','07','006',  ‘Atlántico’, ’BQ’);
Insert into PlaceA values('042','07','006',  ‘Distrito capital’, ’BO’);
Insert into PlaceA values('043','07','006',  ‘Santander’, ’BG’);
Insert into PlaceA values('044','07','006',  ‘Valle del Cauca’, ’CL’);
Insert into PlaceA values('045','07','006',  ‘Bolivar’, ’CT’);
Insert into PlaceA values('046','07','006',  ‘Norte de santander’, ’CU’);
Insert into PlaceA values('047','07','006',  ‘Amazonas’, ’LE’);
Insert into PlaceA values('048','07','006',  ‘Antioquia’, ’MD’);
Insert into PlaceA values('049','07','006',  ‘Risaralda’, ’PE’);
Insert into PlaceA values('050','07','006',  ‘La Guajira’, ’RH’);
Insert into PlaceA values('051','07','006',  ‘San Andrés y providencia’, ’AD’);
Insert into PlaceA values('052','07','006',  ‘Magdalena’, ’SM’);
Insert into PlaceA values('053','02','007', ‘Toronto’, ‘’);    
Insert into PlaceA values('054','02','008', ‘Montréal’, ‘’);
Insert into PlaceA values('055','02','009', ‘Vancouver’, ‘’);    
Insert into PlaceA values('056','02','010', ‘Calgary’, ‘’);
Insert into PlaceA values('057','02','010', ‘Edmonton’, ‘’);
Insert into PlaceA values('058','02','008', ‘Quebec’, ‘’);
Insert into PlaceA values('059','02','011', ‘Atlanta’, ‘’);
Insert into PlaceA values('060','02','012', ‘Los Ángeles’, ‘’);
Insert into PlaceA values('061','02','013', ‘Chicago’, ‘’);
Insert into PlaceA values('062','02','014', ‘Dallas/Fort Worth’, ‘’);
Insert into PlaceA values('063','02','015', ‘Denver’, ‘’);
Insert into PlaceA values('064','02','016', ‘Nueva York’, ‘’);
Insert into PlaceA values('065','02','012', ‘San Francisco’, ‘’);
Insert into PlaceA values('066','02','017', ‘Seattle’, ‘’);
Insert into PlaceA values('067','02','018', ‘Las Vegas’, ‘’);
Insert into PlaceA values('068','02','019', ‘Orlando’, ‘’);
Insert into PlaceA values('069','02','016', ‘Newark’, ‘’);
Insert into PlaceA values('070','02','020', ‘Acapulco’, ‘’);
Insert into PlaceA values('071','02','021', ‘Aguascalientes’, ‘’);
Insert into PlaceA values('072','02','022', ‘Álamos’, ‘’);
Insert into PlaceA values('073','02','023', ‘Apatzingán’, ‘’);
Insert into PlaceA values('074','02','024', ‘Atizapán’, ‘’);
Insert into PlaceA values('075','02','025', ‘Cabo San Lucas’, ‘’);
Insert into PlaceA values('076','02','026', ‘Campeche’, ‘’);
Insert into PlaceA values('077','02','022', ‘Cananea’, ‘’);
Insert into PlaceA values('078','02','027', ‘Cancún’, ‘’);
Insert into PlaceA values('079','02','028', ‘Celaya’, ‘’);
Insert into PlaceA values('080','02','027', ‘Chetumal’, ‘’);
Insert into PlaceA values('081','02','029', ‘Buenos Aires’, ‘’);
Insert into PlaceA values('082','02','030', ‘Córdoba’, ‘’);
Insert into PlaceA values('083','02','031', ‘Rosario’, ‘’);
Insert into PlaceA values('084','02','032', ‘Mendoza’, ‘’);
Insert into PlaceA values('085','02','033', ‘Salta’, ‘’);
Insert into PlaceA values('086','02','034', ‘Barcelona’, ‘’);
Insert into PlaceA values('087','02','035', ‘Madrid’, ‘’);
Insert into PlaceA values('088','02','036', ‘Málaga’, ‘’);
Insert into PlaceA values('089','02','037', ‘Palma de mallorca’, ‘’);
Insert into PlaceA values('090','02','038', ‘Alicante’, ‘’);
Insert into PlaceA values('091','02','038', ‘Valencia’, ‘’);
Insert into PlaceA values('092','02','039', ‘Sevilla’, ‘’);
Insert into PlaceA values('093','02','040', ‘La Tebaida’, ‘’);
Insert into PlaceA values('094','02','041', ‘Soledad’, ‘’);
Insert into PlaceA values('095','02','042', ‘Bogotá’, ‘’);
Insert into PlaceA values('096','02','043', ‘Lebrija’, ‘’);
Insert into PlaceA values('097','02','044', ‘ Palmira’, ‘’);
Insert into PlaceA values('098','02','045', ‘Cartagena’, ‘’);
Insert into PlaceA values('099','02','046', ‘Cúcuta’, ‘’);
Insert into PlaceA values('100','02','047', ‘Leticia’, ‘’);
Insert into PlaceA values('101','02','048', ‘Rionegro’, ‘’);
Insert into PlaceA values('102','02','049', ‘Pereira’, ‘’);
Insert into PlaceA values('103','02','050', ‘Riohacha’, ‘’);
Insert into PlaceA values('104','02','051', ‘San Andrés’, ‘’);
Insert into PlaceA values('105','02','052', ‘Santa Marta’, ‘’);

Insert into person values(‘001’, ‘055’, ‘Juan’);                 
Insert into person values(‘002’, ‘063’, ‘Jonathan’);          
Insert into person values(‘003’, ‘070’, ‘Andrea’);             
Insert into person values(‘004’, ‘075’, ‘Jeasso’);         
Insert into person values(‘005’, ‘084’, ‘Ana’);                    
Insert into person values(‘006’, ‘089’, ‘Andres’);              
Insert into person values(‘007’, ‘094’, ‘Carolina’);             
Insert into person values(‘008’, ‘095’, ‘Alfonso’);              
Insert into person values(‘009’, ‘097’, ‘Fabiola’);               
Insert into person values(‘010’, ‘100’, ‘Jerónimo’);            
Insert into person values(‘011’, ‘055’, ‘Isabela’);             
Insert into person values(‘012’, '063', ‘Marcela’);               
Insert into person values(‘013’, ‘070’, ‘Sebastián’);          
Insert into person values(‘014’, ‘075’, ‘Tomás’);                
Insert into person values(‘015’, ‘084’, ‘Mateo’);                 
Insert into person values(‘016’, ‘088’, ‘Valeria’);              
Insert into person values(‘017’, ‘094’, ‘Valentina’);          
Insert into person values(‘018’, ‘098’, ‘Paula’);              
Insert into person values(‘019’, ‘101’, ‘Manuel’); 

Insert into person values(‘020’,’005’, ‘Fernando’);	
Insert into person values(‘021’,’005’, ‘Laura’);		
Insert into person values(‘022’,’005’, ‘Samara’);           
Insert into person values(‘023’,’005’, ‘Brenda’);            
Insert into person values(‘024’,’001’, ‘Santiago’);         
Insert into person values(‘025’,’001’, ‘Diego’);             
Insert into person values(‘026’,’001’, ‘Juana’); 
Insert into person values(‘027’,’001’, ‘Messi’); 
Insert into person values(‘028’,’001’, ‘Juanito’); 
Insert into person values(‘029’,’001’, ‘Juanita’); 
Insert into person values(‘030’,’001’, ‘Sandra’); 
Insert into person values(‘031’,’003’, ‘Felipe’); 
Insert into person values(‘032’,’003’, ‘Lautaro’); 
Insert into person values(‘033’,’003’, ‘Sharin’); 
Insert into person values(‘034’,’003’, ‘Joshep’); 
Insert into person values(‘035’,’003’, ‘Josefina’); 
Insert into person values(‘036’,’003’, ‘Jacinto’); 
Insert into person values(‘037’,’006’, ‘Sonia’); 
Insert into person values(‘038’,’006’, ‘Oracio’); 
Insert into person values(‘039’,’006’, ‘Miguel’); 
Insert into person values(‘040’,’006’, ‘Esteban’); 
Insert into person values(‘041’,’002’, ‘Hernesto’); 
Insert into person values(‘042’,’002’, ‘Anuel’); 
Insert into person values(‘043’,’002’, ‘Brayan’); 
Insert into person values(‘044’,’002’, ‘CR7’); 
Insert into person values(‘045’,’004’, ‘Neymar’); 
Insert into person values(‘046’,’004’, ‘Morgan’); 
Insert into person values(‘047’,’004’, 'Tobi'); 


Insert into passenger values(‘001’,’001’); 		
Insert into passenger values(‘002’,’002’); 	
Insert into passenger values(‘003’,’003’); 	
Insert into passenger values(‘004’,’004’); 
Insert into passenger values(‘005’,’005’); 
Insert into passenger values(‘006’,’006’); 
Insert into passenger values(‘007’,’007’); 
Insert into passenger values(‘008’,’008’); 
Insert into passenger values(‘009’,’009’); 
Insert into passenger values(‘010’,'010’);


Insert into airline values(‘V7’,’’,’005’,’Volotea’);
Insert into airline values(‘AC’,’’,’001’,’Air Canada’); 
Insert into airline values(‘AV’,’’,’006’,’Avianca’);
Insert into airline values(‘AA’,’’,’002’,’American Airlines’);
Insert into airline values(‘AU’,’’,’004’,’Austral’);
Insert into airline values(‘AM’,’’,’003’,’Aeroméxico’);
Insert into airline values(‘DL’,’AA’,’002’,’Delta Air Lines’);
Insert into airline values(‘W3’,’V7’,’005’,’Swiftair’);
Insert into airline values(‘VY’,’V7’,’005',’Vueling’);
Insert into airline values(‘EB’,’V7’,’005’,’Wamos Air’); 
Insert into airline values(‘WS’,’AC’,’001’,’West_jet’);
Insert into airline values(‘TS’,’AC’,’001’,’Air Transat’);
Insert into airline values(‘7F’,’AC’,’001’,’First Air’);
Insert into airline values(‘5T’,’AC’,’001’,’Canadian North’);
Insert into airline values(‘YC’,’AC’,’001’,’Ciel Canadien’);
Insert into airline values(‘PD’,’AC’,’001’,’Porter Airlines’);
Insert into airline values(‘4O’,’AM’,’003’,’Interjet’);
Insert into airline values(‘Y4’,’AM’,’003’,’Volaris’);
Insert into airline values(‘VB’,’AM’,’003’,’Viva Aerobus’);
Insert into airline values(‘VW’,’AM’,’003',’Aeromar’);
Insert into airline values(‘YQ’,’AM’,’003’,’TAR’);
Insert into airline values(‘5Z’,’AV’,’006’,’Viva Air Colombia’);
Insert into airline values(‘P5’,’AV’,’006’,’Wingo’);
Insert into airline values(‘VE’,’AV’,’006’,’EasyFly’);
Insert into airline values(‘XP’,’AA’,’002’,’Avelo Airlines’);
Insert into airline values(‘MX’,’AA’,’002’,’Breeze Airways’);		
Insert into airline values(‘AR’,’AU’,'004',’Aerolineas Argentinas’);
Insert into airline values(‘4M’,’AU’,’004’,’LATAM Airlines Argentina’);


Insert into parkingspace values(‘a1’,’’,’’);
Insert into parkingspace values(‘a2’,’’,’’);
Insert into parkingspace values(‘a3’,’’,’’);
Insert into parkingspace values(‘a4’,’’,’’);
Insert into parkingspace values(‘b1’,’’,’’);
Insert into parkingspace values(‘b2’,’’,’’);
Insert into parkingspace values(‘b3’,’’,’’);

Insert into employee values(‘AC’,’001’,’011’,’a1’,TO_DATE(‘02/01/2020', 'dd/mm/yyyy'));
Insert into employee values(‘AA’,’002’,’012’,’a2’,TO_DATE(‘02/01/2019', 'dd/mm/yyyy'));
Insert into employee values(‘AM’,’003’,’013’,’a3’,TO_DATE(‘02/01/2018', 'dd/mm/yyyy'));
Insert into employee values(‘4O’,’004’,’014’,’b2’,TO_DATE(‘02/01/2021', 'dd/mm/yyyy'));
Insert into employee values(‘AR’,’005’,’015’,’	’,TO_DATE(‘02/01/2022', 'dd/mm/yyyy'));
Insert into employee values(‘W3’,’006’,’016’,’’,TO_DATE(‘02/01/2017', 'dd/mm/yyyy'));
Insert into employee values(‘AV’,’007’,’017’,’’,TO_DATE(‘02/01/2019', 'dd/mm/yyyy'));
Insert into employee values(‘5Z’,’008’,’018’,’’, TO_DATE(‘02/01/2021', 'dd/mm/yyyy'));
Insert into employee values(‘P5’,’009’,’019’,’’,TO_DATE(‘02/01/2020', 'dd/mm/yyyy'));

Insert into employee values(‘W3’,’010’,’020’,’a4’,TO_DATE(‘02/01/2022', 'dd/mm/yyyy'));
Insert into employee values(‘V7’,’011’,’021’,’’,TO_DATE(‘02/01/2022', 'dd/mm/yyyy'));
Insert into employee values(‘VY’,’012’,’022’,’’, TO_DATE(‘02/01/2017', 'dd/mm/yyyy'));
Insert into employee values(‘EB’,’013’,’023’,’‘,TO_DATE(‘02/01/2019', 'dd/mm/yyyy'));
Insert into employee values(‘AC’,’014’,’024’,’	’,TO_DATE(‘02/01/2021', 'dd/mm/yyyy'));
Insert into employee values(‘WS’,’015’,’025’,’’, TO_DATE(‘04/11/2021', 'dd/mm/yyyy'));
Insert into employee values(‘TS’,’016’,’026’,’’, TO_DATE(‘04/12/2019', 'dd/mm/yyyy'));
Insert into employee values(‘7F’,’017’,’027’,’’, TO_DATE(‘04/12/2019', 'dd/mm/yyyy'));
Insert into employee values(‘5T’,’018’,’028’,’’, TO_DATE(‘04/12/2019', 'dd/mm/yyyy'));
Insert into employee values(‘YC’,’019’,’029’,’’, TO_DATE(‘04/12/2019', 'dd/mm/yyyy'));
Insert into employee values(‘PD’,’020’,’030’,’’, TO_DATE(‘04/12/2019', 'dd/mm/yyyy'));
Insert into employee values(‘AM’,’021’,’031’,’’, TO_DATE(‘04/12/2019', 'dd/mm/yyyy'));
Insert into employee values(‘4O’,’022’,’032’,’’, TO_DATE(‘04/12/2019', 'dd/mm/yyyy'));
Insert into employee values(‘Y4’,’023’,’033’,’’, TO_DATE(‘04/12/2019', 'dd/mm/yyyy'));
Insert into employee values(‘VB’,’024’,’034’,’’, TO_DATE(‘04/12/2019', 'dd/mm/yyyy'));
Insert into employee values(‘VW’,’025’,’035’,’’, TO_DATE(‘04/12/2019', 'dd/mm/yyyy'));
Insert into employee values(‘YQ’,’026’,’036’,’’, TO_DATE(‘04/12/2019', 'dd/mm/yyyy'));
Insert into employee values(‘AV’,’027’,’037’,’’, TO_DATE(‘04/12/2019', 'dd/mm/yyyy'));
Insert into employee values(‘5Z’,’028’,’038’,’’, TO_DATE(‘04/12/2019', 'dd/mm/yyyy'));
Insert into employee values(‘P5’,’029’,’039’,’’, TO_DATE(‘04/12/2019', 'dd/mm/yyyy'));
Insert into employee values(‘VE’,’030’,’040’,’’, TO_DATE(‘04/12/2019', 'dd/mm/yyyy'));
Insert into employee values(‘AA’,’031’,’041’,’’, TO_DATE(‘04/12/2019', 'dd/mm/yyyy'));
Insert into employee values(‘XP’,’032’,’042’,’’, TO_DATE(‘04/12/2019', 'dd/mm/yyyy'));
Insert into employee values(‘MX’,’033’,’043’,’’, TO_DATE(‘04/12/2019', 'dd/mm/yyyy'));
Insert into employee values(‘DL’,’034’,’044’,’’, TO_DATE(‘04/12/2019', 'dd/mm/yyyy'));
Insert into employee values(‘AR’,’035’,’045’,’’, TO_DATE(‘04/12/2019', 'dd/mm/yyyy'));
Insert into employee values(‘AU’,’036’,’046’,’’, TO_DATE(‘04/12/2019', 'dd/mm/yyyy'));
Insert into employee values(‘4M’,’037’,’047’,’’, TO_DATE(‘04/12/2019', 'dd/mm/yyyy'));

Insert into groundcrew values(‘01’,’AC’,’001’,to_date('2020/01/08', 'yyyy/mm/dd'));
Insert into groundcrew values(‘02’,’AA’,’002’,to_date('2020/01/08', 'yyyy/mm/dd'));                                       
Insert into groundcrew values(‘03’,’AM’,’003’,to_date('2020/01/08', 'yyyy/mm/dd')); 
Insert into groundcrew values(‘04’,’4O’,’004’,to_date('2020/01/08', 'yyyy/mm/dd')); 
Insert into groundcrew values(‘05’,’AR’,’005’,to_date('2020/01/08', 'yyyy/mm/dd'));


Insert into pilot values(‘A001’,’W3’, ‘010’,to_date('2028/01/08', 'yyyy/mm/dd')); 
Insert into pilot values(‘A002’,’V7’, ‘011’,to_date('2024/02/13', 'yyyy/mm/dd')); 
Insert into pilot values(‘A003’,’VY’, ‘012’,to_date(' 2029/08/25', 'yyyy/mm/dd')); 
Insert into pilot values(‘A004’,’EB’,’013’,to_date('2025/03/01', 'yyyy/mm/dd')); 
Insert into pilot values(‘A005’,’AC’, ‘014’,to_date('2028/03/15', 'yyyy/mm/dd')); 
Insert into pilot values(‘A006’,’WS’, ‘015’, to_date('2030/02/10', 'yyyy/mm/dd'));  
Insert into pilot values(‘A007’,’TS’, ‘016’,to_date('2032/03/08', 'yyyy/mm/dd')); 
Insert into pilot values(‘A008’,’7F’, ‘017’,to_date('2028/01/08', 'yyyy/mm/dd')); 
Insert into pilot values(‘A009’,’5T’, ‘018’,to_date('2024/02/13', 'yyyy/mm/dd')); 
Insert into pilot values(‘A010’,’YC’, ‘019’,to_date(' 2029/08/25', 'yyyy/mm/dd')); 
Insert into pilot values(‘A011’,’PD’,’020’,to_date('2025/03/01', 'yyyy/mm/dd')); 
Insert into pilot values(‘A012’,’AM’, ‘021’,to_date('2028/03/15', 'yyyy/mm/dd')); 
Insert into pilot values(‘A013’,’4O’, ‘022’, to_date('2030/02/10', 'yyyy/mm/dd'));  
Insert into pilot values(‘A014’,’Y4’, ‘023’,to_date('2032/03/08', 'yyyy/mm/dd')); 
Insert into pilot values(‘A015’,’VB’, ‘024’,to_date('2028/01/08', 'yyyy/mm/dd')); 
Insert into pilot values(‘A016’,’VW’, ‘025’,to_date('2024/02/13', 'yyyy/mm/dd')); 
Insert into pilot values(‘A017',’YQ', ‘026’,to_date(' 2029/08/25', 'yyyy/mm/dd')); 
Insert into pilot values(‘A018’,’AV’,’027’,to_date('2025/03/01', 'yyyy/mm/dd')); 
Insert into pilot values(‘A019’,’5Z’, ‘028’,to_date('2028/03/15', 'yyyy/mm/dd')); 
Insert into pilot values(‘A020’,’P5’, ‘029’, to_date('2030/02/10', 'yyyy/mm/dd'));  
Insert into pilot values(‘A021’,’VE’, ‘030’,to_date('2032/03/08', 'yyyy/mm/dd')); 
Insert into pilot values(‘A022’,’AA’, ‘031’,to_date('2028/01/08', 'yyyy/mm/dd')); 
Insert into pilot values(‘A023’,’XP’, ‘032’,to_date('2024/02/13', 'yyyy/mm/dd')); 
Insert into pilot values(‘A024’,’MX’, ‘033’,to_date(' 2029/08/25', 'yyyy/mm/dd')); 
Insert into pilot values(‘A025’,’DL’,’034’,to_date('2025/03/01', 'yyyy/mm/dd')); 
Insert into pilot values(‘A026’,’AR’, ‘035’,to_date('2028/03/15', 'yyyy/mm/dd')); 
Insert into pilot values(‘A027’,’AU’, ‘036’, to_date('2030/02/10', 'yyyy/mm/dd'));  
Insert into pilot values(‘A028’,’4M’, ‘037’,to_date('2032/03/08', 'yyyy/mm/dd')); 


Insert into AirportType values(‘01’,’regional’);
Insert into AirportType values(‘02’,’internacional’);



Insert into Airport values(‘YYZ’,'02','053',’Lester B. Pearson International Airport’);
Insert into Airport values(‘YUL’,'02','054','Montreal/Pierre Elliott Trudeau International Airport’);
Insert into Airport values(‘YVR’,'02','055','Vancouver International Airport’);
Insert into Airport values(‘YYC’,'02','056','Calgary International Airport’);
Insert into Airport values(‘YEG’,'02','057','Edmonton International Airport’);
Insert into Airport values(‘YQB’,'02','058','Aeropuerto Internacional Jean-Lesage de Quebec’);
Insert into Airport values(‘ATL’,'02','059','Aeropuerto Internacional Hartsfield-Jackson’);
Insert into Airport values(‘LAX’,'02','060','Aeropuerto Internacional de Los Ángeles’);
Insert into Airport values(‘ORD’,'02','061','Aeropuerto Internacional OHare’);
Insert into Airport values(‘DFW’,'02','062','Aeropuerto Internacional de Dallas-Fort Worth’);
Insert into Airport values(‘DEN’,'02','063','Aeropuerto Internacional de Denver’);
Insert into Airport values(‘JFK’,'02','064','Aeropuerto Internacional John F. Kennedy’);
Insert into Airport values(‘SFO’,'02','065','Aeropuerto Internacional de San Francisco’);
Insert into Airport values(‘SEA’,'02','066','Aeropuerto Internacional de Seattle-Tacoma’);
Insert into Airport values(‘LAS’,'02','067','Aeropuerto Internacional Harry Reid’);
Insert into Airport values(‘MCO’,'02','068','Aeropuerto Internacional de Orlando’);
Insert into Airport values(‘EWR’,'02','069','Aeropuerto Internacional Libertad de Newark’);
Insert into Airport values(‘ACA’,'02','070','Aeropuerto Internacional de Acapulco’);
Insert into Airport values(‘PIE’,'01','070','Base Aérea No. 7 León González Pie de la Cuesta’);
Insert into Airport values(‘AGU’,'02','071','Aeropuerto Internacional de Aguascalientes’);
Insert into Airport values(‘XAL’,'01','072','Aeropuerto Nacional de Álamos’);
Insert into Airport values(‘AZG’,'01','073','Aeropuerto Nacional Pablo L. Sidar’);
Insert into Airport values(‘JJC’,'01','074','Aeropuerto Nacional Jorge Jiménez Cantú’);
Insert into Airport values(‘CSL’,'02','075','Aeródromo Internacional de Cabo San Lucas’);
Insert into Airport values(‘CPE’,'02','076','Aeropuerto Internacional de Campeche’);
Insert into Airport values(‘CNA’,'01','077','Aeropuerto Nacional de Cananea’);
Insert into Airport values(‘CUN’,'02','078','Aeropuerto Internacional de Cancún’);
Insert into Airport values(‘CYW’,'01','079','Aeropuerto Nacional Capitán Rogelio Castillo’);
Insert into Airport values(‘CTM’,'02','080','Aeropuerto Internacional de Chetumal’);
Insert into Airport values(‘EZE’,'02','081','Ministro Pistarini International Airport’);
Insert into Airport values(‘AEP’,'01','081','Jorge Newbery Airpark’);
Insert into Airport values(‘COR’,'01','082','Ingeniero Ambrosio Taravella Airport’);
Insert into Airport values(‘ROS’,'01','083','Islas Malvinas Airport’);
Insert into Airport values(‘MDZ’,'01','084','El Plumerillo Airport’);
Insert into Airport values(‘SLA’,'02','085','Martin Miguel De Guemes International Airport’);
Insert into Airport values(‘BCN’,'02','086','Barcelona International Airport’);
Insert into Airport values(‘MAD’,'01','087','Adolfo Suárez Madrid–Barajas Airport’);
Insert into Airport values(‘AGP’,'01','088','Málaga Airport’);
Insert into Airport values(‘PMI’,'01','089','Palma De Mallorca Airport’);
Insert into Airport values(‘ALC’,'02','090','Alicante International Airport’);
Insert into Airport values(‘VLC’,'01','091','Valencia Airport’);
Insert into Airport values(‘SVQ’,'01','092','Sevilla Airport’);
Insert into Airport values(‘AXM’,'02','093','Aeropuerto Internacional El Edén’);
Insert into Airport values(‘BAQ’,'02','094','Aeropuerto Internacional Ernesto Cortissoz’);
Insert into Airport values(‘BOG’,'02','095','Aeropuerto Internacional El Dorado’);
Insert into Airport values(‘BGA’,'02','096','Aeropuerto Internacional Palonegro’);
Insert into Airport values(‘CLO’,'02','097','Aeropuerto Internacional Alfonso Bonilla Aragón’);
Insert into Airport values(‘CTG’,'02','098','Aeropuerto Internacional Rafael Núñez’);
Insert into Airport values(‘CUC’,'02','099','Aeropuerto Internacional Camilo Daza’);
Insert into Airport values(‘LET’,'02','100','Aeropuerto Internacional Alfredo Vásquez Cobo’);
Insert into Airport values(‘MDE’,'02','101','Aeropuerto Internacional José María Córdova’);
Insert into Airport values(‘PEI’,'02','102','Aeropuerto Internacional Matecaña’);
Insert into Airport values(‘RCH’,'02','103','Aeropuerto Internacional Almirante Padilla’);
Insert into Airport values(‘ADZ’,'02','104','Aeropuerto Internacional Gustavo Rojas Pinilla’);
Insert into Airport values(‘SMR’,'02','105','Aeropuerto Internacional Simón Bolívar’);


-- trae los datos de pais
select p.placebname, p2.placebname, p3.placebname, pt.desplacetypeb from placetypeb pt, placeb p, placeb p2, placeb p3, airport a where pt.idplacetypeb=p2.idplacetypeb and p.idplaceb=p2.pla_idplaceb and p2.idplaceb=p3.pla_idplaceb and a.idplaceb=p3.idplaceb and a.airtportcode='BOG';


DELETE FROM flightsegment;
DELETE FROM flight;


-- TRAER INFORMACION DE VUELO, FALTA EL PILOTO
select pais.placebname npais, tipol.desplacetypeb nTDivision, division.placebname nDivision, ciudad.placebname nCiudad, aerp.airportname nAeropuerto, aerp.airtportcode codAeropuerto, al.airlinename nAerolinea, al.airlinecode codAerolinea, f.flightnumber numVuelo, to_char(f.dateflight, 'YYYY/MM/DD') fVuelo, to_char(f.dateflight, 'hh24:MI:SS') hora from placetypeb tipol, placeb pais, placeb division, placeb ciudad, airport aerp, airline al, flight f where tipol.idplacetypeb=division.idplacetypeb and ciudad.pla_idplaceb=division.idplaceb and division.pla_idplaceb=pais.idplaceb and aerp.idplaceb=ciudad.idplaceb and aerp.airtportcode='EZE' and al.idplaceb=pais.idplaceb and f.airlinecode=al.airlinecode ;

-- INFORMACION DE UN SEGMENTO
ES NECESARIO TENER EN CUENTA AL MOMENTO DE CREAR EL VUELO, QUE EL AEROPUERTO SELECCIONADO COINCIDA CON EL PAIS AL CUAL PERTENECE LA AEROLINEA
EJ: AL SELECCIONAR A SANTIAGO QUE PERTENECE A UNA AEROLINEA ARGENTINA, SE DEBERA SELECIONAR UN AEROPUERTO QUE SEA DE ARGENTINA. 

select * from flightsegment fs, (select f.flightnumber vuelo from placetypeb tipol, placeb pais, placeb division, placeb ciudad, airport aerp, airline al, flight f where tipol.idplacetypeb=division.idplacetypeb and ciudad.pla_idplaceb=division.idplaceb and division.pla_idplaceb=pais.idplaceb and aerp.idplaceb=ciudad.idplaceb and aerp.airtportcode='EZE' and al.idplaceb=pais.idplaceb and f.airlinecode=al.airlinecode) f where fs.flightnumber=f.vuelo and fs.airlinecode='AU' and fs.flightnumber='100';

select * from flightsegment fs, (select f.flightnumber vuelo from placetypeb tipol, placeb pais, placeb division, placeb ciudad, airport aerp, airline al, flight f where tipol.idplacetypeb=division.idplacetypeb and ciudad.pla_idplaceb=division.idplaceb and division.pla_idplaceb=pais.idplaceb and aerp.idplaceb=ciudad.idplaceb and aerp.airtportcode='EZE' and al.idplaceb=pais.idplaceb and f.airlinecode=al.airlinecode) f where fs.flightnumber=f.vuelo and fs.airlinecode='AU' and fs.flightnumber='100';


SIGUIENTE PASO SE DEBE REALIZAR LA INSERSION DE PILOTASSIGMENT


TRAE TODOS LOS AEROPUERTOS QUE SE PUEDEN SELECCIONAR DADA UNA AEROLINEA, EJEMPLO AVIANCA AV
select pais.placebname npais, tipol.desplacetypeb nTDivision, division.placebname nDivision, ciudad.placebname nCiudad, aerp.airportname nAeropuerto, aerp.airtportcode codAeropuerto, al.airlinename nAerolinea, al.airlinecode codAeroline from placetypeb tipol, placeb pais, placeb division, placeb ciudad, airport aerp, airline al where tipol.idplacetypeb=division.idplacetypeb and ciudad.pla_idplaceb=division.idplaceb and division.pla_idplaceb=pais.idplaceb and aerp.idplaceb=ciudad.idplaceb and al.idplaceb=pais.idplaceb and al.airlinecode='AV';

TRAE LO MISMO QUE ANTES PERO SOLO AEROPUERTO Y CODIGO AEROPIERTP
select aerp.airportname, aerp.airtportcode from placetypeb tipol, placeb pais, placeb division, placeb ciudad, airport aerp, airline al where tipol.idplacetypeb=division.idplacetypeb and ciudad.pla_idplaceb=division.idplaceb and division.pla_idplaceb=pais.idplaceb and aerp.idplaceb=ciudad.idplaceb and al.idplaceb=pais.idplaceb and al.airlinecode='AV';

TRAER LOS SEGMENTOS DE UNA CONEXION
select codsAeropuertosSegs.numVueloAerolinea, codsAeropuertosSegs.codAerolinea, aerolinea.airlinename,  a.airportname, codsAeropuertosSegs.codAeropuerto,  ciudad.placebname, ntipoDiv.desplacetypeb, division.placebname, pais.placebname, codsAeropuertosSegs.fecha, codsAeropuertosSegs.hora, persona.personname from 
placetypeb ntipoDiv, placeb pais, placeb division, placeb ciudad, airport a, pilotassignment pilotoAsig, pilot piloto, employee empleado, person persona, flight vuelo, airline aerolinea,
(select fs.airtportcode codAeropuerto, fs.airlinecode codAerolinea, fs.airlinecode||''||fs.flightnumber numVueloAerolinea, fs.flightnumber numVuelo,to_char(dateflightseg, 'yyyy/mm/dd') fecha, to_char(dateflightseg, 'hh24') hora  from flightsegment fs where fs.flightnumber='815') codsAeropuertosSegs where 
ntipoDiv.idplacetypeb=division.idplacetypeb and 
pais.idplaceb=division.pla_idplaceb and 
division.idplaceb=ciudad.pla_idplaceb and 
a.idplaceb=ciudad.idplaceb and 
a.airtportcode=codsAeropuertosSegs.codAeropuerto and
pilotoAsig.airtportcode=codsAeropuertosSegs.codAeropuerto and
pilotoAsig.airlinecode=codsAeropuertosSegs.codAerolinea and
pilotoAsig.flightnumber=codsAeropuertosSegs.numVuelo and
pilotoAsig.pilotlicense=piloto.pilotlicense and
piloto.airlinecode=empleado.airlinecode and
piloto.employeenumber=empleado.employeenumber and
persona.idperson=empleado.idperson and
codsAeropuertosSegs.numVuelo=vuelo.flightnumber and
codsAeropuertosSegs.codAerolinea=vuelo.airlinecode and
vuelo.airlinecode=aerolinea.airlinecode
;